header_crop,source_image,source_url,candidate_header_text,verification_status,notes
,source_images/source_000014.jpg,https://static.toiimg.com/thumb/msid-65031870%2Cwidth-1070%2Cheight-580%2Cimgsize-2320796%2Cresizemode-75%2Coverlay-toi_sw%2Cpt-32%2Cy_pad-40/photo.jpg,,NEEDS_REVIEW,Small Marathi text on mounted rear plate; oblique view; Publicly accessible does not imply a training/republication license; rights review required.; HEADER_EXTRACTION_FAILED
unlabeled/header_000016_p1_r1.png,source_images/source_000016.jpg,https://media.assettype.com/esakal%2F2022-10%2F2fad2bd4-1593-4936-85a8-5ba3e46c0e35%2FPAD22B04296.jpg?rect=0%2C0%2C1598%2C899,,NEEDS_REVIEW,Small Marathi header and decorative marking above registration; Publicly accessible does not imply a training/republication license; rights review required.
,source_images/source_000032.jpg,https://images.hindustantimes.com/auto/img/2023/08/31/960x540/fancy_number_plates_HSRP_Mumbai_1693454695019_1693454709497.jpeg,,NEEDS_REVIEW,Small Devanagari side text on plate; lateral text may not be classified HEADER; Publicly accessible does not imply a training/republication license; rights review required.; HEADER_EXTRACTION_FAILED; Detector classified Latin registration prefix as HEADER; useful Devanagari side text was missed
unlabeled/header_000036_p1_r1.png,source_images/source_000036.webp,https://images.mid-day.com/images/images/2016/sep/Number-plates.jpg,,NEEDS_REVIEW,Small Devanagari header above large stylized digits; Publicly accessible does not imply a training/republication license; rights review required.
,source_images/source_000042.webp,https://www.mumbailive.com/images/media/images/fancy_number_plate_1693470955606.JPG?bg=17151f&crop=613%2C344.140350877193%2C0%2Cnull&fit=crop&fitToScale=w%2C1368%2C768&fm=webp&h=768&height=421&w=1368&width=613,,NEEDS_REVIEW,Small Marathi header on mounted motorcycle plate; Publicly accessible does not imply a training/republication license; rights review required.; HEADER_EXTRACTION_FAILED
,source_images/source_000045.jpg,https://pbs.twimg.com/media/EPl0WAdUwAA_rlU.jpg,,NEEDS_REVIEW,Small Marathi header on mounted scooter plate; overhead perspective; Publicly accessible does not imply a training/republication license; rights review required.; HEADER_EXTRACTION_FAILED
,source_images/source_000058.webp,https://resize.indiatv.in/resize/newbucket/1200_-/2023/02/collage-maker-21-feb-2023-10-1676999311.webp,,NEEDS_REVIEW,"News composite includes full motorcycle and enlarged view of same plate; ONE source, not two samples; Publicly accessible does not imply a training/republication license; rights review required.; HEADER_EXTRACTION_FAILED"
,source_images/source_000065.jpg,https://14287446059660739940.googlegroups.com/attach/851a99436cca2ee3/DSC_0074.jpg?part=0.1&vt=ANaJVrHZzorjNQ789yvXiwhfz9lmMm5Qn9ZFvkq0cm_3IprQmXda-kH_Ljnb4p0GtExRM0wmTo_8zEBQKjsvdTzWwII3Gqe1SLf3g3OWP14v1QdHuco-ahI,,NEEDS_REVIEW,"Devanagari RTO prefix above number on old Ambassador; header-like training candidate, not decorative header; preserve two-row registration classification; Publicly accessible does not imply a training/republication license; rights review required.; HEADER_EXTRACTION_FAILED"
,source_images/source_000175.jpg,https://posterimage.amarujala.com/1VHRDzB.0000000.jpg,,NEEDS_REVIEW,"Separate official Devanagari placard immediately above registration plate; adjacent-header case, not on same plate substrate; Publicly accessible does not imply a training/republication license; rights review required.; HEADER_EXTRACTION_FAILED"
